{
  "total_tasks": 104,
  "accuracy": 0.19230769230769232,
  "success_rate": 1.0,
  "reuse_rate": 0.791095890410959,
  "correct_answers": 20
}